id,alert_id,performed_by_user_id,action_type,comment,previous_status,new_status,performed_at,created_at
4da5146b-9fff-58f3-92d1-1a1f2d1e859d,db4ffb8e-77eb-59c2-9eba-f4634533c33e,c7b0b755-a0da-5e50-aa08-cd8537f2f467,acknowledge,Synthetic workflow action.,,acknowledged,2026-04-30T10:00:00+00:00,2026-04-30T10:00:00+00:00
f32c7207-ed7b-58b6-9bb5-35b22a645c72,55aa0a35-b6b9-5b7f-9c42-33976ea939a1,c7b0b755-a0da-5e50-aa08-cd8537f2f467,acknowledge,Synthetic workflow action.,,acknowledged,2026-04-29T10:00:00+00:00,2026-04-29T10:00:00+00:00
e2bf1e4e-b0c4-58d6-a642-c0d7212ae7a2,bb2e3b3f-213d-5e23-bc3c-61997b04847b,c7b0b755-a0da-5e50-aa08-cd8537f2f467,acknowledge,Synthetic workflow action.,,acknowledged,2026-04-28T10:00:00+00:00,2026-04-28T10:00:00+00:00
7020fd18-cc2f-5589-a44e-0f83a63a73a9,1d7a1085-c65a-5352-8a8d-59eeb327230a,c7b0b755-a0da-5e50-aa08-cd8537f2f467,acknowledge,Synthetic workflow action.,,acknowledged,2026-04-27T10:00:00+00:00,2026-04-27T10:00:00+00:00
09a1ffdd-78a5-5ad1-859d-3b1ca38f443e,1195bac0-39f4-5dd9-b001-17115103fe65,c7b0b755-a0da-5e50-aa08-cd8537f2f467,acknowledge,Synthetic workflow action.,,acknowledged,2026-04-26T10:00:00+00:00,2026-04-26T10:00:00+00:00
33e11c34-f179-5aaf-bbe4-b31948e11e31,09188f7b-97e2-570c-8f07-940f0d66f4c9,c7b0b755-a0da-5e50-aa08-cd8537f2f467,acknowledge,Synthetic workflow action.,,acknowledged,2026-04-25T10:00:00+00:00,2026-04-25T10:00:00+00:00
e1698466-44ae-5d78-bcae-e5812cf294d6,eaa656be-ee05-50b5-a236-355e7eec3c70,c7b0b755-a0da-5e50-aa08-cd8537f2f467,acknowledge,Synthetic workflow action.,,acknowledged,2026-04-24T10:00:00+00:00,2026-04-24T10:00:00+00:00
25b1a6bc-71d9-51c8-a304-53d6c658a0e4,a6afbc92-8456-5f2f-91b9-bd52a85f1d39,c7b0b755-a0da-5e50-aa08-cd8537f2f467,acknowledge,Synthetic workflow action.,,acknowledged,2026-04-23T10:00:00+00:00,2026-04-23T10:00:00+00:00
c1f4414d-8a51-5e8d-8f86-6a08966def14,34d834a0-97ad-592c-a6db-cc68fd617b4a,c7b0b755-a0da-5e50-aa08-cd8537f2f467,acknowledge,Synthetic workflow action.,,acknowledged,2026-04-22T10:00:00+00:00,2026-04-22T10:00:00+00:00
bbdf018f-e73a-529f-abac-c6418d267108,c4bf0e74-7687-567a-bbc7-f6839c4ec9a8,c7b0b755-a0da-5e50-aa08-cd8537f2f467,acknowledge,Synthetic workflow action.,,acknowledged,2026-04-21T10:00:00+00:00,2026-04-21T10:00:00+00:00
8b1b8f16-d36d-56b8-9bc7-804a38a9254d,ed7a6838-84b9-5b9e-9f22-52b5b0ed17b5,c7b0b755-a0da-5e50-aa08-cd8537f2f467,acknowledge,Synthetic workflow action.,,acknowledged,2026-04-20T10:00:00+00:00,2026-04-20T10:00:00+00:00
5544d845-29be-5740-b470-03221147e8f1,2d390717-a76b-5d0f-a2b1-6be12882bea4,c7b0b755-a0da-5e50-aa08-cd8537f2f467,acknowledge,Synthetic workflow action.,,acknowledged,2026-04-19T10:00:00+00:00,2026-04-19T10:00:00+00:00
11862479-3f9d-5c46-be21-a65b6ee15d4f,e21cfba1-3fc8-5964-8662-24504e3f1743,c7b0b755-a0da-5e50-aa08-cd8537f2f467,acknowledge,Synthetic workflow action.,,acknowledged,2026-04-18T10:00:00+00:00,2026-04-18T10:00:00+00:00
df2c9d28-d485-51ee-a4a7-1760aa39d1b0,3532ba19-7ea3-502f-83f0-f775dbdbabd7,c7b0b755-a0da-5e50-aa08-cd8537f2f467,acknowledge,Synthetic workflow action.,,acknowledged,2026-04-17T10:00:00+00:00,2026-04-17T10:00:00+00:00
14450070-71ab-5d11-b065-6458cde756dd,cb9dddec-1abd-52ac-9b9e-3069a66be787,c7b0b755-a0da-5e50-aa08-cd8537f2f467,acknowledge,Synthetic workflow action.,,acknowledged,2026-04-16T10:00:00+00:00,2026-04-16T10:00:00+00:00
6238e55d-5f16-553b-adff-0324175e8dd2,20bdcfbd-8786-5669-8d14-4fbf2dbb1f66,c7b0b755-a0da-5e50-aa08-cd8537f2f467,acknowledge,Synthetic workflow action.,,acknowledged,2026-04-15T10:00:00+00:00,2026-04-15T10:00:00+00:00
ccd12ed2-d654-5223-841b-b77d1098b341,a62bf6c6-0f7f-55e0-9e6f-75be72d851a8,c7b0b755-a0da-5e50-aa08-cd8537f2f467,acknowledge,Synthetic workflow action.,,acknowledged,2026-04-14T10:00:00+00:00,2026-04-14T10:00:00+00:00
192e1f24-81de-5b80-96e2-d8cb0d1cb243,fa792498-7c64-52cc-aff6-3732cda1ba10,c7b0b755-a0da-5e50-aa08-cd8537f2f467,acknowledge,Synthetic workflow action.,,acknowledged,2026-04-13T10:00:00+00:00,2026-04-13T10:00:00+00:00
cf818fb7-60e3-54d7-bc19-21194ac1456e,d60fe96b-848e-5b37-8e89-a2c0c9356a16,c7b0b755-a0da-5e50-aa08-cd8537f2f467,acknowledge,Synthetic workflow action.,,acknowledged,2026-04-12T10:00:00+00:00,2026-04-12T10:00:00+00:00
cf92e5b3-4c8c-50d0-89d4-ee71b6cbb625,c8b3983e-65e2-501d-9335-72c181fedb1a,c7b0b755-a0da-5e50-aa08-cd8537f2f467,acknowledge,Synthetic workflow action.,,acknowledged,2026-04-11T10:00:00+00:00,2026-04-11T10:00:00+00:00
